group_title,dex_chain,owner
Housecoin HOA,SOL,JpegJunkie
$HOOD on Solana (CTO),SOL,clintonrc
Homo Memetus Chat,SOL,
Hot.fun,SOL,boz_wang
HILO Community,SOL,
HighKey,SOL,kiwee
Hegequarters,SOL,HegeDev
Harambe on Solana Community,SOL,ugliestduck
Heehee,SOL,ascosta5
Sad Hamster | $Hammy,SOL,atom1001101
HahaYes! $RIZO Tesla's Hedgehog Mascot,SOL,mrhahayes
Habibi come to Dubai,SOL,
GUACamole ($GUAC),SOL,GuacIntern
Grumpy Cat Community,SOL,
$Grrr (Staring At You),SOL,Van0x2
GROYPER Army,SOL,REPTOID_SOL
$GRODT,SOL,Jonnycryptexgroup
$GRINCH,SOL,
$Griffain Community,SOL,nftloverchik
PRINT,SOL,Ray6690
Gorbagana $GOR,SOL,lex_node
grid.wtf,SOL,
Golddigger,SOL,Goldgdig
goodcryptoX _will_never_DM,SOL,
$GOJIPOWER,SOL,
Goatseus Maximus,SOL,punter_punts
GME,SOL,TychoGME
GoatIndex.ai Community,SOL,qxdad
GM.AI Chat,SOL,
Glades AI Official,SOL,Haskellol
"GIKO | First Cat (üáØüáµ 1998)| ( ,,Ôæü–îÔæü)",SOL,agnesrium
$GIGA | Solana,SOL,diceistrading
Ghibli CTO,SOL,Tom168868
GetTheGirl,SOL,
Official Mirra Community ($FXN),SOL,heathenft
GEODNET Official üåè,SOL,m5horton
Foundry $FDRY Community,SOL,lekt9
$QUANT Official,SOL,manifestmagik
Gems Dao Ecosystem Chat,SOL,def1padawan
$FWOG (Official),SOL,Groowut
fsjal,SOL,izzleton
DRAGON & FREYA PROTOCOL,SOL,azukifloris
$FOREST | Community,SOL,thegoodtimeline
FREGO Community Chat,SOL,Narahiko7
$FRED ‚Äî Fred The Raccon CTO,SOL,knoxkt
$FOOTBALL - News & Updates,SOL,
$FO Group 1,SOL,ericrocks
$FLOYDAI - George Droyd,SOL,Shitcoin_Seajay
$FAT NIGGA SEASON,SOL,basedshrigma
FlowFi,SOL,
$FLOCKA Community,SOL,
FITCHIN Universe ü™ê,SOL,alejporte
Fish N Chips | $CHIPPY,SOL,Web3Spud
$TEST üíä,SOL,felikento
FINANCE Coin ($‚Äø$),SOL,BarvaZio
FightCoin ($FIGHT) on Solana,SOL,spideeebat
FCK925 | Official,SOL,Chally0511
FcodeAi,SOL,fcodemod
$FELY Frens,SOL,dahaka_m
Fat Cat - $FATCAT,SOL,alvarez_crypto_pro
Fartless - Community,SOL,mamadxb
FartStrategy ($FSTR),SOL,farthurhayes
Exotic Markets Community,SOL,Jeff_HK
We Are Exit Liquidity $RETAIL,SOL,KyleSmith_retail
EstateX Official Community (English),SOL,ThomasOnel
üü•üü© Epileptic CULT,SOL,elshadrael
pepeinatux,SOL,enterpepeinacoin
The Pumpfun Company,SOL,captaincrnch
$ELLA [OFFICIAL],SOL,BulldogElla
$ Elon4AfD Deutsch $,SOL,MarketInsiderOne
ELON Chat,SOL,elon_dev_sol
ElizaWakesUp.ai $ELIZA,SOL,AvaDoesAI
Elephant Money,SOL,bankteller
Effective Accelerationism ($e/acc) CTO,SOL,MarsVanguard
edwin,SOL,Mike8949
Effect Network,SOL,
Eduvantage AI ($EAI) Main,SOL,donaldid
$AFK & $BURNIE,SOL,perdooky
DUBCAT CTO,SOL,kmd270
DUKO GROUP,SOL,dukomaster
$DUCKAI - Duckai.ai,SOL,Cryptoinfluence99
Dreamsync Live,SOL,dreamsync_live
DOWGE,SOL,KIPTARS
üö®DrCryptoCoinSOLüö®$Drc / SOL,SOL,
Dolos Disciples,SOL,khouuuba
$1 CTO - $1 to $1,SOL,zming415
Doop - Community,SOL,
dogwifcoin,SOL,dogwifhat
DogelonMars,SOL,MrDogelonMars
$DOGAI_GG,SOL,bighulksmash
$DOGE-1,SOL,
DNA Official,SOL,
DARK MAGA | $DMAGA,SOL,kikisknees
DLMM Headquarters,SOL,Slabz101
TrumpCoin ($DJT) on Solana,SOL,tensorflowsurfer
DIRA,SOL,op_agents
DIGICOIN OFFICIAL,SOL,DigicoinGlobal
Degen Spartan AI,SOL,shawmakesmagic
DEGENPREDICT.com,SOL,Bensig
Degengain,SOL,Dgenaifr
degenerative SITCOM ($SITCOM),SOL,skatchot
Degen,SOL,jase0x
DeepSeek AI Agent Official,SOL,
DeepCore AI,SOL,
Data Guardians Network | D‚ö°Ô∏èGN,SOL,yyzcrypto
Dasha_Terminal,SOL,team_vvaifudotfun
$DAD Community Chat,SOL,bryceweiner
Curetopia,SOL,eperlste
$LOL CTO GROUP,SOL,
$CHEESE,SOL,M1ster0ne
$CRYBB,SOL,MrCRYBB
crow with knife,SOL,melooheart
$DAD Community Chat,SOL,bryceweiner
Curetopia,SOL,eperlste
$LOL CTO GROUP,SOL,
$CRYBB,SOL,MrCRYBB
crow with knife,SOL,melooheart
$CRE Coin Discussion Group,SOL,CREcoinSOL
Crashout Sol,SOL,Skrillcap
Costco Hot Dog $COST,SOL,bpx101
CORE | COMMUNITY,SOL,Former_Influencer
Concentric Industries DAO,SOL,MNgospel
CONAN - International,SOL,Conan_official1
Collaterize,SOL,PierreXBT
Collabcoin (public) Group Chat,SOL,
Codec Flow Chat,SOL,Batisbat
cloudyheart fan club,SOL,cameron_tg0
Chudjak,SOL,ciggie_437
ChipChipGame üèÜ Chat No Gamble No Future!,SOL,
Chintai CHEX Token üõ•ü•©üåñüêü,SOL,SonicAgamemnon
just a chill guy CTO,SOL,davidsgr
$CHADETTE Official Group ‚Äì Diamond Hands Only,SOL,solanamuncher
CowsGoneMad,SOL,gilbertoromanb
Cedar | Official Group,SOL,nikoladjuric
catwifhat $CWIF on solana,SOL,burningkitty
ü™ñ Capt‚Äôn Trench ü™ñ CPT,SOL,XeroCap
Can't prove it ($DETECTIVE),SOL,
Caesar Community,SOL,zeroxjck
Butthole Coin,SOL,
BURN THE WORLD üî•üåç,SOL,BURNTHEWORLDG
BunkerCoin,SOL,PeterJugl
Bullieve CTO,SOL,thatsmyquant
Bullet,SOL,tristan0x
official buidlDAO group,SOL,
$Buckazoids Raiding TG,SOL,monstermadless
$BUCK Community,SOL,meanface1
$BROKE Coin | Sol,SOL,brokeanddownbad
Bubblemaps Community,SOL,
brainlet,SOL,majorchef69
Brett Solana,SOL,
READY!,SOL,kevinf1001
boopdotfun,SOL,boop_fam
Bonk Earn Community,SOL,metablubba
Blockasset Official,SOL,DoubleFeuille
Bloxwap,SOL,joeblau
Bio Protocol,SOL,scagria
BitDoctorAI (Global) üè•,SOL,AsherLooi
$BILLY CTO,SOL,davemiller314
$BINGUS,SOL,bingussy
B.D.F CTO,SOL,
$BIAO üêº Biggest Eastern Meme,SOL,kingbiao
Big Pharmaiüíä,SOL,kreios_bandito
$BERT MAYOR OF SOLANA,SOL,Cryptogirl79
Believe In Something ‚ú®,SOL,
ber ber ber,SOL,Dao888x
LUCE - Official Mascot of the Vatican,SOL,j_dubbz
Bear In Bathrobe (BIB) üêª‚Äç‚ùÑÔ∏è,SOL,NEOBIB
BelieveGPT,SOL,
$Based Department CTO,SOL,boomtroom
BAWLS OnU,SOL,MagicBawls
$BARSIK | Hasbulla‚Äôs cat,SOL,hegobarsik
Official Barron Meme Chat,SOL,CryptoOwun
BangChain‚õìÔ∏è‚Äçüí•,SOL,princeoffakes
Avici,SOL,RamXBT
bAI,SOL,
Autonomous Virtual Beings | $AVB,SOL,Crypto_Assassin1
$AUTISMüß©,SOL,getbeaverd
$AVA AI,SOL,
$ATLAS CTO.,SOL,maradolfi
aura,SOL,
Aurum Network HQ,SOL,thesalesman111
Asvoria Official Telegram,SOL,
Astra Nova Support,SOL,
Artrade - English,SOL,pwartrade
arc complex,SOL,arc_complex
Aria,SOL,SynchroLouie
USA - AMERICAN COIN,SOL,soulless98765
Anoncoin,SOL,Anoncoin_it
$ANALOS Official,SOL,
$AMC On Sol,SOL,calhodlr
Ambios Network,SOL,lucaambios
OFFICIAL $ALON,SOL,a1lon9
Dollo all in,SOL,tarzansmol
AllDomainsüß¨,SOL,fane_all
Akasha AI Official,SOL,
Ai Xovia / AiXovia / $AIX Official Group,SOL,
Aircoin üå¨Ô∏è,SOL,ronthorn
NOVA's Territory,SOL,DanS0001
AIntivirus,SOL,
Agok | Agent Framework,SOL,mdrive0
a gently used 2001 honda civic,SOL,sp00n1cus
Agent Mock,SOL,TW590
AgentiPy,SOL,zendaryy
Moo Deng SOL Portal,SOL,
$PINO Community,SOL,aqatei
Glorp,SOL,pzzpzrrt
Agent Mock,SOL,TW590
SEND,SOL,irffanasiff
Stan The Cup,SOL,Cappycuppy
Official MemDex Foundation,SOL,BrothaBraveHeart
$CITIES Games Network,SOL,anshuldhawan
AgentsGPT,bsc,Planeb_turky
Farty Butt,bsc,
Glider,base,LucasReed22
X FOUR,bsc,
Lunar Shadow AI Community,SOL,No_Fly_Zone1
Zoof Wallet // ZOOF,base,mitchelvanamstel
BINA,bsc,LucasReed22
Zerox Society Community,SOL,
Macro,ethereum,Staticonchain
CREPE,bsc,LucasReed22
$PUMPKOIN,SOL,
OTTO,base,LucasReed22
AGIALPHA-Community,SOL,MontrealAI
Agent Ted Official,SOL,FadeHumanError
Hustler's Chat,SOL,jakegallen
Selfie Dog Community,SOL,DIAPSALMATA_0X
$RICK Disciples,SOL,crabbylions
$MANEKI,SOL,
Hosico ‚ú®,SOL,RugDalio
Fric Official,SOL,dric_fric
Foxsy AI - Community,SOL,Oxsy_Sibiu
OFFICIAL FARTGIRL CTO,SOL,
Catcoin,SOL,
